-- phpMyAdmin SQL Dump
-- version 5.2.1
-- https://www.phpmyadmin.net/
--
-- Host: localhost:3306
-- Generation Time: May 16, 2024 at 09:22 AM
-- Server version: 10.5.20-MariaDB
-- PHP Version: 7.3.33

SET SQL_MODE = "NO_AUTO_VALUE_ON_ZERO";
START TRANSACTION;
SET time_zone = "+00:00";


/*!40101 SET @OLD_CHARACTER_SET_CLIENT=@@CHARACTER_SET_CLIENT */;
/*!40101 SET @OLD_CHARACTER_SET_RESULTS=@@CHARACTER_SET_RESULTS */;
/*!40101 SET @OLD_COLLATION_CONNECTION=@@COLLATION_CONNECTION */;
/*!40101 SET NAMES utf8mb4 */;

--
-- Database: `id22163918_project`
--

-- --------------------------------------------------------

--
-- Table structure for table `admin`
--

CREATE TABLE `admin` (
  `admin_id` int(11) NOT NULL,
  `email` varchar(50) NOT NULL,
  `password` varchar(500) NOT NULL
) ENGINE=InnoDB DEFAULT CHARSET=utf8 COLLATE=utf8_general_ci;

--
-- Dumping data for table `admin`
--

INSERT INTO `admin` (`admin_id`, `email`, `password`) VALUES
(1, 'sunnygkp10@gmail.com', '123456'),
(2, 'admin@admin.com', 'admin');

-- --------------------------------------------------------

--
-- Table structure for table `answer`
--

CREATE TABLE `answer` (
  `qid` text NOT NULL,
  `ansid` text NOT NULL
) ENGINE=InnoDB DEFAULT CHARSET=utf8 COLLATE=utf8_general_ci;

--
-- Dumping data for table `answer`
--

INSERT INTO `answer` (`qid`, `ansid`) VALUES
('6645b082e0254', '6645b082e0df5'),
('6645b082e2140', '6645b082e23d9'),
('6645b082e2e45', '6645b082e3078'),
('6645b082e3b76', '6645b082e3d92'),
('6645b082e4a30', '6645b082e4c5c'),
('6645b082e57cc', '6645b082e5a51'),
('6645b082e6696', '6645b082e68d0'),
('6645b082e745c', '6645b082e76cd'),
('6645b082e812a', '6645b082e834d'),
('6645b082e8e12', '6645b082e9025'),
('6645b082e9a9b', '6645b082e9ca7'),
('6645b082ea992', '6645b082eac2c'),
('6645b082eb9d7', '6645b082ebcde'),
('6645b082ecaf0', '6645b082ecd55'),
('6645b082ed90a', '6645b082edb3f'),
('6645b082ee507', '6645b082ee73f'),
('6645b082ef238', '6645b082ef474'),
('6645b082effde', '6645b082f01f6'),
('6645b082f0c4d', '6645b082f0e2c'),
('6645b082f187f', '6645b082f1a4f'),
('6645b082f24a5', '6645b082f26db'),
('6645b082f3080', '6645b082f3232'),
('6645b082f3bb0', '6645b082f3dca'),
('6645b0830055a', '6645b0830074a'),
('6645b0830111e', '6645b0830132e'),
('6645b08301cf9', '6645b08301ed4'),
('6645b08302886', '6645b08302ae1'),
('6645b0830344e', '6645b0830367e'),
('6645b08304072', '6645b08304237'),
('6645b08304b76', '6645b08304d67'),
('6645b08305788', '6645b0830595c'),
('6645b0830779f', '6645b08307968'),
('6645b0d2ecc13', '6645b0d2ecfd3'),
('6645b0d2edb17', '6645b0d2edd45'),
('6645b0d2ee6a1', '6645b0d2ee88c'),
('6645b0d2ef179', '6645b0d2ef342'),
('6645b0d2efd9d', '6645b0d2effeb'),
('6645b0d2f09c5', '6645b0d2f0ca7'),
('6645b0d2f1684', '6645b0d2f1877'),
('6645b0d2f22db', '6645b0d2f24a5'),
('6645b0d2f2e0d', '6645b0d2f3021'),
('6645b0d2f38e0', '6645b0d2f3ace'),
('6645b0d30009c', '6645b0d30023b'),
('6645b0d300a4e', '6645b0d300c06'),
('6645b0d3014ee', '6645b0d301684'),
('6645b0d301f67', '6645b0d3020ed'),
('6645b0d3028a1', '6645b0d302a2f'),
('6645b0d303321', '6645b0d3034cf'),
('6645b0d303e34', '6645b0d304003'),
('6645b0d304811', '6645b0d30498c'),
('6645b0d3051d9', '6645b0d305380'),
('6645b0d305bc7', '6645b0d305d96'),
('6645b0d3065cd', '6645b0d306778'),
('6645b0d307092', '6645b0d307284'),
('6645b0d307b2a', '6645b0d307d03'),
('6645b0d3085d5', '6645b0d3087d9'),
('6645b0d3090c5', '6645b0d30924d'),
('6645b0d309a4d', '6645b0d309bf1'),
('6645b0d30a591', '6645b0d30a71f'),
('6645b0d30afb0', '6645b0d30b1df'),
('6645b0d30ba0c', '6645b0d30bc1b'),
('6645b0d30c53e', '6645b0d30c705'),
('6645b0d30d042', '6645b0d30d22b'),
('6645b0d30db33', '6645b0d30dd17'),
('6645c81b94cb0', '6645c81b95709'),
('6645c81b9684c', '6645c81b96b0f'),
('6645c81b978f8', '6645c81b97ba3'),
('6645c81b9868a', '6645c81b988b5'),
('6645c81b99332', '6645c81b99557'),
('6645c81b99ee0', '6645c81b9a121'),
('6645c81b9aa85', '6645c81b9ac83'),
('6645c81b9b704', '6645c81b9b92d'),
('6645c81b9c43a', '6645c81b9c66e'),
('6645c81b9d2ec', '6645c81b9d5cb'),
('6645c81b9df70', '6645c81b9e188'),
('6645c81b9ea9d', '6645c81b9ec64'),
('6645c81b9f65d', '6645c81b9f82b'),
('6645c81ba01e8', '6645c81ba039c'),
('6645c81ba0c90', '6645c81ba0e37'),
('6645c81ba1743', '6645c81ba1900'),
('6645c81ba21b1', '6645c81ba23a5'),
('6645c81ba2c5a', '6645c81ba2e27'),
('6645c81ba3737', '6645c81ba3919'),
('6645c81ba428c', '6645c81ba446c'),
('6645c81ba5033', '6645c81ba5258'),
('6645c81ba5b3e', '6645c81ba5d97'),
('6645c81ba664c', '6645c81ba687f'),
('6645c81ba71db', '6645c81ba73aa'),
('6645c81ba7bb6', '6645c81ba7d79'),
('6645c81ba871c', '6645c81ba8945'),
('6645c81ba91ad', '6645c81ba939a'),
('6645c81ba9b4c', '6645c81ba9d1d'),
('6645c81baa618', '6645c81baa819'),
('6645c81bab0b0', '6645c81bab2d8'),
('6645c81babc22', '6645c81babddf'),
('6645c81bac596', '6645c81bac724'),
('6645c81bacee4', '6645c81bad129'),
('6645c81badaf5', '6645c81badcad'),
('6645c81bae5f8', '6645c81bae786'),
('6645c8532b075', '6645c8532b6f8'),
('6645c8532c0cd', '6645c8532c2a3'),
('6645c8532cd6b', '6645c8532cfa9'),
('6645c8532dabf', '6645c8532dc8b'),
('6645c8532e570', '6645c8532e75c'),
('6645c8532f142', '6645c8532f337'),
('6645c8532fc34', '6645c8532fe21'),
('6645c853307c3', '6645c8533096b'),
('6645c8533122e', '6645c8533143c'),
('6645c85331ca2', '6645c85331e49'),
('6645c85332818', '6645c853329e5'),
('6645c85333241', '6645c853333d5'),
('6645c85333eae', '6645c85334085'),
('6645c85334a34', '6645c85334c96'),
('6645c853354d7', '6645c85335650'),
('6645c85335fd5', '6645c853361c8'),
('6645c85336a13', '6645c8533758c'),
('6645c85337e34', '6645c8533802e'),
('6645c85338895', '6645c85338a27'),
('6645c85339249', '6645c8533941a'),
('6645c85339bfd', '6645c85339db9'),
('6645c8533a608', '6645c8533a7a4'),
('6645c8533af8f', '6645c8533b11c'),
('6645c8533b98a', '6645c8533bb29'),
('6645c8533c2d5', '6645c8533c435'),
('6645c8533cc20', '6645c8533cdaf'),
('6645c8533d5db', '6645c8533d747'),
('6645c8533deae', '6645c8533e04b'),
('6645c8533e7d9', '6645c8533e9ac'),
('6645c8533f2b1', '6645c8533f45b'),
('6645c8533fc36', '6645c8533fde2'),
('6645c853405b7', '6645c8534073c'),
('6645c85340eb9', '6645c85341047'),
('6645c8534178c', '6645c85341906'),
('6645c8534205f', '6645c853421de');

-- --------------------------------------------------------

--
-- Table structure for table `feedback`
--

CREATE TABLE `feedback` (
  `id` text NOT NULL,
  `name` varchar(50) NOT NULL,
  `email` varchar(50) NOT NULL,
  `subject` varchar(500) NOT NULL,
  `feedback` varchar(500) NOT NULL,
  `date` date NOT NULL,
  `time` varchar(50) NOT NULL
) ENGINE=InnoDB DEFAULT CHARSET=utf8 COLLATE=utf8_general_ci;

-- --------------------------------------------------------

--
-- Table structure for table `history`
--

CREATE TABLE `history` (
  `email` varchar(50) NOT NULL,
  `eid` text NOT NULL,
  `score` int(11) NOT NULL,
  `level` int(11) NOT NULL,
  `sahi` int(11) NOT NULL,
  `wrong` int(11) NOT NULL,
  `date` timestamp NOT NULL DEFAULT current_timestamp() ON UPDATE current_timestamp()
) ENGINE=InnoDB DEFAULT CHARSET=utf8 COLLATE=utf8_general_ci;

--
-- Dumping data for table `history`
--

INSERT INTO `history` (`email`, `eid`, `score`, `level`, `sahi`, `wrong`, `date`) VALUES
('pp@gmail.com', '6640e9733a75f', 3, 5, 3, 2, '2024-05-12 16:54:53'),
('ak@gmail.com', '6645a6073fb4b', 35, 35, 35, 0, '2024-05-16 08:51:57'),
('jaki@mail.com', '6645a6073fb4b', 12, 35, 12, 23, '2024-05-16 09:03:13');

-- --------------------------------------------------------

--
-- Table structure for table `options`
--

CREATE TABLE `options` (
  `qid` varchar(50) NOT NULL,
  `option` varchar(5000) NOT NULL,
  `optionid` text NOT NULL
) ENGINE=InnoDB DEFAULT CHARSET=utf8 COLLATE=utf8_general_ci;

--
-- Dumping data for table `options`
--

INSERT INTO `options` (`qid`, `option`, `optionid`) VALUES
('6645b082e0254', 'Bjarne Stroustrup', '6645b082e0df3'),
('6645b082e0254', 'Dennis Ritchie', '6645b082e0df5'),
('6645b082e0254', 'James A. Gosling', '6645b082e0df6'),
('6645b082e0254', 'Dr. E.F. Codd', '6645b082e0df7'),
('6645b082e2140', 'An alphabet', '6645b082e23d7'),
('6645b082e2140', 'A number', '6645b082e23d8'),
('6645b082e2140', 'A special symbol other than underscore', '6645b082e23d9'),
('6645b082e2140', 'both (b) and (c)', '6645b082e23da'),
('6645b082e2e45', '/ + * ‐', '6645b082e3074'),
('6645b082e2e45', '* ‐ / +', '6645b082e3076'),
('6645b082e2e45', '+ ‐ / *', '6645b082e3077'),
('6645b082e2e45', '* / + ‐', '6645b082e3078'),
('6645b082e3b76', 'goodbye', '6645b082e3d8e'),
('6645b082e3b76', 'odbye', '6645b082e3d90'),
('6645b082e3b76', 'bye', '6645b082e3d91'),
('6645b082e3b76', 'dbye', '6645b082e3d92'),
('6645b082e4a30', '0', '6645b082e4c5a'),
('6645b082e4a30', '2', '6645b082e4c5b'),
('6645b082e4a30', '23', '6645b082e4c5c'),
('6645b082e4a30', 'Compiler error', '6645b082e4c5d'),
('6645b082e57cc', '3', '6645b082e5a4f'),
('6645b082e57cc', '21', '6645b082e5a50'),
('6645b082e57cc', '17', '6645b082e5a51'),
('6645b082e57cc', '7', '6645b082e5a52'),
('6645b082e6696', 'static a = 10; //static as', '6645b082e68ce'),
('6645b082e6696', 'static int func (int); //parameter as static', '6645b082e68cf'),
('6645b082e6696', 'static static int a; //a static variable prefixed with static', '6645b082e68d0'),
('6645b082e6696', 'all of the mentioned', '6645b082e68d1'),
('6645b082e745c', 'Preprocessor directive', '6645b082e76cd'),
('6645b082e745c', 'Inclusion directive', '6645b082e76cf'),
('6645b082e745c', 'File inclusion directive', '6645b082e76d0'),
('6645b082e745c', 'None of the mentioned', '6645b082e76d1'),
('6645b082e812a', '#', '6645b082e834d'),
('6645b082e812a', '$', '6645b082e834f'),
('6645b082e812a', '\"\"', '6645b082e8350'),
('6645b082e812a', '&', '6645b082e8351'),
('6645b082e8e12', '7', '6645b082e9022'),
('6645b082e8e12', '127', '6645b082e9023'),
('6645b082e8e12', '255', '6645b082e9024'),
('6645b082e8e12', 'No Limit', '6645b082e9025'),
('6645b082e9a9b', 'Attach', '6645b082e9ca6'),
('6645b082e9a9b', 'Append', '6645b082e9ca7'),
('6645b082e9a9b', 'Apprehend', '6645b082e9ca8'),
('6645b082e9a9b', 'Add', '6645b082e9ca9'),
('6645b082ea992', 'Function', '6645b082eac2c'),
('6645b082ea992', 'Input variables', '6645b082eac2d'),
('6645b082ea992', 'Output variables', '6645b082eac2e'),
('6645b082ea992', 'All of the above', '6645b082eac2f'),
('6645b082eb9d7', '20', '6645b082ebcda'),
('6645b082eb9d7', '40', '6645b082ebcdc'),
('6645b082eb9d7', '44', '6645b082ebcdd'),
('6645b082eb9d7', '45', '6645b082ebcde'),
('6645b082ecaf0', 'Process of multiple functions', '6645b082ecd54'),
('6645b082ecaf0', 'Multiple functions with the same name', '6645b082ecd55'),
('6645b082ecaf0', 'Looping functions', '6645b082ecd56'),
('6645b082ecaf0', 'All of the above', '6645b082ecd57'),
('6645b082ed90a', 'The layout of an input string', '6645b082edb3f'),
('6645b082ed90a', 'Array', '6645b082edb40'),
('6645b082ed90a', 'Output function', '6645b082edb41'),
('6645b082ed90a', 'All of the above ', '6645b082edb42'),
('6645b082ee507', '=', '6645b082ee73f'),
('6645b082ee507', '||', '6645b082ee741'),
('6645b082ee507', '==', '6645b082ee742'),
('6645b082ee507', '!=', '6645b082ee743'),
('6645b082ef238', 'while', '6645b082ef471'),
('6645b082ef238', 'for', '6645b082ef473'),
('6645b082ef238', 'if-else', '6645b082ef474'),
('6645b082ef238', 'do-while', '6645b082ef475'),
('6645b082effde', 'External', '6645b082f01f6'),
('6645b082effde', 'Internal', '6645b082f01f7'),
('6645b082effde', 'Both External and Internal', '6645b082f01f8'),
('6645b082effde', 'None of the above', '6645b082f01f9'),
('6645b082f0c4d', 'Decision making', '6645b082f0e2a'),
('6645b082f0c4d', 'Variable declaration', '6645b082f0e2b'),
('6645b082f0c4d', 'Code organization and reusability', '6645b082f0e2c'),
('6645b082f0c4d', 'Printing output', '6645b082f0e2d'),
('6645b082f187f', 'Forever', '6645b082f1a4f'),
('6645b082f187f', 'Never', '6645b082f1a51'),
('6645b082f187f', '0', '6645b082f1a52'),
('6645b082f187f', '1', '6645b082f1a53'),
('6645b082f24a5', '3', '6645b082f26db'),
('6645b082f24a5', '5', '6645b082f26dd'),
('6645b082f24a5', '8', '6645b082f26de'),
('6645b082f24a5', '11', '6645b082f26df'),
('6645b082f3080', 'int num[6] = { 2, 4, 12, 5, 45, 5 } ;', '6645b082f3232'),
('6645b082f3080', 'int n{} = { 2, 4, 12, 5, 45, 5 } ;', '6645b082f3234'),
('6645b082f3080', 'int n{6} = { 2, 4, 12 } ;', '6645b082f3235'),
('6645b082f3080', 'int n(6) = { 2, 4, 12, 5, 45, 5 } ;', '6645b082f3236'),
('6645b082f3bb0', 'Keywords have some predefine meanings and these meanings can be changed.', '6645b082f3dc7'),
('6645b082f3bb0', 'Keywords have some unknown meanings and these meanings cannot be changed.', '6645b082f3dc9'),
('6645b082f3bb0', 'Keywords have some predefine meanings and these meanings cannot be changed.', '6645b082f3dca'),
('6645b082f3bb0', 'None of the above', '6645b082f3dcb'),
('6645b0830055a', 'Array', '6645b08300748'),
('6645b0830055a', 'Binary Tree', '6645b0830074a'),
('6645b0830055a', 'Queue', '6645b0830074b'),
('6645b0830055a', 'Stack', '6645b0830074c'),
('6645b0830111e', 'Low Level', '6645b0830132c'),
('6645b0830111e', 'High Level', '6645b0830132e'),
('6645b0830111e', 'Assembly Level', '6645b0830132f'),
('6645b0830111e', 'Machine Level', '6645b08301330'),
('6645b08301cf9', '0', '6645b08301ed4'),
('6645b08301cf9', 'error', '6645b08301ed5'),
('6645b08301cf9', '1', '6645b08301ed6'),
('6645b08301cf9', 'garbage value', '6645b08301ed7'),
('6645b08302886', '34', '6645b08302adf'),
('6645b08302886', '43', '6645b08302ae1'),
('6645b08302886', '44', '6645b08302ae2'),
('6645b08302886', '33', '6645b08302ae3'),
('6645b0830344e', '[ ]  ', '6645b0830367b'),
('6645b0830344e', '{ }', '6645b0830367d'),
('6645b0830344e', '( )', '6645b0830367e'),
('6645b0830344e', 'None of the above', '6645b0830367f'),
('6645b08304072', '6  6', '6645b08304233'),
('6645b08304072', '7  7', '6645b08304235'),
('6645b08304072', 'None of these', '6645b08304236'),
('6645b08304072', '7  6', '6645b08304237'),
('6645b08304b76', '32', '6645b08304d67'),
('6645b08304b76', '33', '6645b08304d69'),
('6645b08304b76', '64', '6645b08304d6a'),
('6645b08304b76', '18', '6645b08304d6b'),
('6645b08305788', '.c', '6645b08305958'),
('6645b08305788', '.cpp', '6645b0830595a'),
('6645b08305788', '.c99', '6645b0830595b'),
('6645b08305788', '.h', '6645b0830595c'),
('6645b0830779f', '1', '6645b08307968'),
('6645b0830779f', '2', '6645b08307969'),
('6645b0830779f', '3', '6645b0830796a'),
('6645b0830779f', '4', '6645b0830796b'),
('6645b083082bf', '/', '6645b08308482'),
('6645b0d2ecc13', 'Bjarne Stroustrup', '6645b0d2ecfd2'),
('6645b0d2ecc13', 'Dennis Ritchie', '6645b0d2ecfd3'),
('6645b0d2ecc13', 'James A. Gosling', '6645b0d2ecfd4'),
('6645b0d2ecc13', 'Dr. E.F. Codd', '6645b0d2ecfd5'),
('6645b0d2edb17', 'An alphabet', '6645b0d2edd43'),
('6645b0d2edb17', 'A number', '6645b0d2edd44'),
('6645b0d2edb17', 'A special symbol other than underscore', '6645b0d2edd45'),
('6645b0d2edb17', 'both (b) and (c)', '6645b0d2edd46'),
('6645b0d2ee6a1', '/ + * ‐', '6645b0d2ee87a'),
('6645b0d2ee6a1', '* ‐ / +', '6645b0d2ee87b'),
('6645b0d2ee6a1', '+ ‐ / *', '6645b0d2ee87c'),
('6645b0d2ee6a1', '* / + ‐', '6645b0d2ee88c'),
('6645b0d2ef179', 'goodbye', '6645b0d2ef33e'),
('6645b0d2ef179', 'odbye', '6645b0d2ef340'),
('6645b0d2ef179', 'bye', '6645b0d2ef341'),
('6645b0d2ef179', 'dbye', '6645b0d2ef342'),
('6645b0d2efd9d', '0', '6645b0d2effe9'),
('6645b0d2efd9d', '2', '6645b0d2effea'),
('6645b0d2efd9d', '23', '6645b0d2effeb'),
('6645b0d2efd9d', 'Compiler error', '6645b0d2effec'),
('6645b0d2f09c5', '3', '6645b0d2f0ca5'),
('6645b0d2f09c5', '21', '6645b0d2f0ca6'),
('6645b0d2f09c5', '17', '6645b0d2f0ca7'),
('6645b0d2f09c5', '7', '6645b0d2f0ca8'),
('6645b0d2f1684', 'static a = 10; //static as', '6645b0d2f1875'),
('6645b0d2f1684', 'static int func (int); //parameter as static', '6645b0d2f1876'),
('6645b0d2f1684', 'static static int a; //a static variable prefixed with static', '6645b0d2f1877'),
('6645b0d2f1684', 'all of the mentioned', '6645b0d2f1878'),
('6645b0d2f22db', 'Preprocessor directive', '6645b0d2f24a5'),
('6645b0d2f22db', 'Inclusion directive', '6645b0d2f24a6'),
('6645b0d2f22db', 'File inclusion directive', '6645b0d2f24a7'),
('6645b0d2f22db', 'None of the mentioned', '6645b0d2f24a8'),
('6645b0d2f2e0d', '#', '6645b0d2f3021'),
('6645b0d2f2e0d', '$', '6645b0d2f3022'),
('6645b0d2f2e0d', '\"\"', '6645b0d2f3023'),
('6645b0d2f2e0d', '&', '6645b0d2f3024'),
('6645b0d2f38e0', '7', '6645b0d2f3acb'),
('6645b0d2f38e0', '127', '6645b0d2f3acc'),
('6645b0d2f38e0', '255', '6645b0d2f3acd'),
('6645b0d2f38e0', 'No Limit', '6645b0d2f3ace'),
('6645b0d30009c', 'Attach', '6645b0d30023a'),
('6645b0d30009c', 'Append', '6645b0d30023b'),
('6645b0d30009c', 'Apprehend', '6645b0d30023c'),
('6645b0d30009c', 'Add', '6645b0d30023d'),
('6645b0d300a4e', 'Function', '6645b0d300c06'),
('6645b0d300a4e', 'Input variables', '6645b0d300c07'),
('6645b0d300a4e', 'Output variables', '6645b0d300c08'),
('6645b0d300a4e', 'All of the above', '6645b0d300c09'),
('6645b0d3014ee', '20', '6645b0d301681'),
('6645b0d3014ee', '40', '6645b0d301682'),
('6645b0d3014ee', '44', '6645b0d301683'),
('6645b0d3014ee', '45', '6645b0d301684'),
('6645b0d301f67', 'Process of multiple functions', '6645b0d3020ec'),
('6645b0d301f67', 'Multiple functions with the same name', '6645b0d3020ed'),
('6645b0d301f67', 'Looping functions', '6645b0d3020ee'),
('6645b0d301f67', 'All of the above', '6645b0d3020ef'),
('6645b0d3028a1', 'The layout of an input string', '6645b0d302a2f'),
('6645b0d3028a1', 'Array', '6645b0d302a31'),
('6645b0d3028a1', 'Output function', '6645b0d302a32'),
('6645b0d3028a1', 'All of the above ', '6645b0d302a33'),
('6645b0d303321', '=', '6645b0d3034cf'),
('6645b0d303321', '||', '6645b0d3034d0'),
('6645b0d303321', '==', '6645b0d3034d1'),
('6645b0d303321', '!=', '6645b0d3034d2'),
('6645b0d303e34', 'while', '6645b0d304001'),
('6645b0d303e34', 'for', '6645b0d304002'),
('6645b0d303e34', 'if-else', '6645b0d304003'),
('6645b0d303e34', 'do-while', '6645b0d304004'),
('6645b0d304811', 'External', '6645b0d30498c'),
('6645b0d304811', 'Internal', '6645b0d30498e'),
('6645b0d304811', 'Both External and Internal', '6645b0d30498f'),
('6645b0d304811', 'None of the above', '6645b0d304990'),
('6645b0d3051d9', 'Decision making', '6645b0d30537e'),
('6645b0d3051d9', 'Variable declaration', '6645b0d30537f'),
('6645b0d3051d9', 'Code organization and reusability', '6645b0d305380'),
('6645b0d3051d9', 'Printing output', '6645b0d305381'),
('6645b0d305bc7', 'Forever', '6645b0d305d96'),
('6645b0d305bc7', 'Never', '6645b0d305d98'),
('6645b0d305bc7', '0', '6645b0d305d99'),
('6645b0d305bc7', '1', '6645b0d305d9a'),
('6645b0d3065cd', '3', '6645b0d306778'),
('6645b0d3065cd', '5', '6645b0d306779'),
('6645b0d3065cd', '8', '6645b0d30677a'),
('6645b0d3065cd', '11', '6645b0d30677b'),
('6645b0d307092', 'int num[6] = { 2, 4, 12, 5, 45, 5 } ;', '6645b0d307284'),
('6645b0d307092', 'int n{} = { 2, 4, 12, 5, 45, 5 } ;', '6645b0d307285'),
('6645b0d307092', 'int n{6} = { 2, 4, 12 } ;', '6645b0d307286'),
('6645b0d307092', 'int n(6) = { 2, 4, 12, 5, 45, 5 } ;', '6645b0d307287'),
('6645b0d307b2a', 'Keywords have some predefine meanings and these meanings can be changed.', '6645b0d307d00'),
('6645b0d307b2a', 'Keywords have some unknown meanings and these meanings cannot be changed.', '6645b0d307d02'),
('6645b0d307b2a', 'Keywords have some predefine meanings and these meanings cannot be changed.', '6645b0d307d03'),
('6645b0d307b2a', 'None of the above', '6645b0d307d04'),
('6645b0d3085d5', 'Array', '6645b0d3087d7'),
('6645b0d3085d5', 'Binary Tree', '6645b0d3087d9'),
('6645b0d3085d5', 'Queue', '6645b0d3087da'),
('6645b0d3085d5', 'Stack', '6645b0d3087db'),
('6645b0d3090c5', 'Low Level', '6645b0d30924c'),
('6645b0d3090c5', 'High Level', '6645b0d30924d'),
('6645b0d3090c5', 'Assembly Level', '6645b0d30924e'),
('6645b0d3090c5', 'Machine Level', '6645b0d30924f'),
('6645b0d309a4d', '0', '6645b0d309bf1'),
('6645b0d309a4d', 'error', '6645b0d309bf2'),
('6645b0d309a4d', '1', '6645b0d309bf3'),
('6645b0d309a4d', 'garbage value', '6645b0d309bf4'),
('6645b0d30a591', '34', '6645b0d30a71e'),
('6645b0d30a591', '43', '6645b0d30a71f'),
('6645b0d30a591', '44', '6645b0d30a720'),
('6645b0d30a591', '33', '6645b0d30a721'),
('6645b0d30afb0', '[ ]  ', '6645b0d30b1dd'),
('6645b0d30afb0', '{ }', '6645b0d30b1de'),
('6645b0d30afb0', '( )', '6645b0d30b1df'),
('6645b0d30afb0', 'None of the above', '6645b0d30b1e0'),
('6645b0d30ba0c', '6  6', '6645b0d30bc18'),
('6645b0d30ba0c', '7  7', '6645b0d30bc19'),
('6645b0d30ba0c', 'None of these', '6645b0d30bc1a'),
('6645b0d30ba0c', '7  6', '6645b0d30bc1b'),
('6645b0d30c53e', '32', '6645b0d30c705'),
('6645b0d30c53e', '33', '6645b0d30c707'),
('6645b0d30c53e', '64', '6645b0d30c708'),
('6645b0d30c53e', '18', '6645b0d30c709'),
('6645b0d30d042', '.c', '6645b0d30d227'),
('6645b0d30d042', '.cpp', '6645b0d30d229'),
('6645b0d30d042', '.c99', '6645b0d30d22a'),
('6645b0d30d042', '.h', '6645b0d30d22b'),
('6645b0d30db33', '1', '6645b0d30dd17'),
('6645b0d30db33', '2', '6645b0d30dd18'),
('6645b0d30db33', '3', '6645b0d30dd19'),
('6645b0d30db33', '4', '6645b0d30dd1a'),
('6645b0d30e602', '/', '6645b0d30e7e2'),
('6645c81b94cb0', 'Bjarne Stroustrup', '6645c81b95707'),
('6645c81b94cb0', 'Dennis Ritchie', '6645c81b95709'),
('6645c81b94cb0', 'James A. Gosling', '6645c81b9570a'),
('6645c81b94cb0', 'Dr. E.F. Codd', '6645c81b9570b'),
('6645c81b9684c', 'An alphabet', '6645c81b96b0c'),
('6645c81b9684c', 'A number', '6645c81b96b0e'),
('6645c81b9684c', 'A special symbol other than underscore', '6645c81b96b0f'),
('6645c81b9684c', 'both (b) and (c)', '6645c81b96b10'),
('6645c81b978f8', '/ + * ‐', '6645c81b97ba0'),
('6645c81b978f8', '* ‐ / +', '6645c81b97ba1'),
('6645c81b978f8', '+ ‐ / *', '6645c81b97ba2'),
('6645c81b978f8', '* / + ‐', '6645c81b97ba3'),
('6645c81b9868a', 'goodbye', '6645c81b988b1'),
('6645c81b9868a', 'odbye', '6645c81b988b3'),
('6645c81b9868a', 'bye', '6645c81b988b4'),
('6645c81b9868a', 'dbye', '6645c81b988b5'),
('6645c81b99332', '0', '6645c81b99554'),
('6645c81b99332', '2', '6645c81b99556'),
('6645c81b99332', '23', '6645c81b99557'),
('6645c81b99332', 'Compiler error', '6645c81b99558'),
('6645c81b99ee0', '3', '6645c81b9a11f'),
('6645c81b99ee0', '21', '6645c81b9a120'),
('6645c81b99ee0', '17', '6645c81b9a121'),
('6645c81b99ee0', '7', '6645c81b9a122'),
('6645c81b9aa85', 'static a = 10; //static as', '6645c81b9ac81'),
('6645c81b9aa85', 'static int func (int); //parameter as static', '6645c81b9ac82'),
('6645c81b9aa85', 'static static int a; //a static variable prefixed with static', '6645c81b9ac83'),
('6645c81b9aa85', 'all of the mentioned', '6645c81b9ac84'),
('6645c81b9b704', 'Preprocessor directive', '6645c81b9b92d'),
('6645c81b9b704', 'Inclusion directive', '6645c81b9b92e'),
('6645c81b9b704', 'File inclusion directive', '6645c81b9b92f'),
('6645c81b9b704', 'None of the mentioned', '6645c81b9b930'),
('6645c81b9c43a', '#', '6645c81b9c66e'),
('6645c81b9c43a', '$', '6645c81b9c66f'),
('6645c81b9c43a', '\"\"', '6645c81b9c670'),
('6645c81b9c43a', '&', '6645c81b9c671'),
('6645c81b9d2ec', '7', '6645c81b9d5c7'),
('6645c81b9d2ec', '127', '6645c81b9d5c9'),
('6645c81b9d2ec', '255', '6645c81b9d5ca'),
('6645c81b9d2ec', 'No Limit', '6645c81b9d5cb'),
('6645c81b9df70', 'Attach', '6645c81b9e187'),
('6645c81b9df70', 'Append', '6645c81b9e188'),
('6645c81b9df70', 'Apprehend', '6645c81b9e189'),
('6645c81b9df70', 'Add', '6645c81b9e18a'),
('6645c81b9ea9d', 'Function', '6645c81b9ec64'),
('6645c81b9ea9d', 'Input variables', '6645c81b9ec65'),
('6645c81b9ea9d', 'Output variables', '6645c81b9ec66'),
('6645c81b9ea9d', 'All of the above', '6645c81b9ec67'),
('6645c81b9f65d', '20', '6645c81b9f828'),
('6645c81b9f65d', '40', '6645c81b9f829'),
('6645c81b9f65d', '44', '6645c81b9f82a'),
('6645c81b9f65d', '45', '6645c81b9f82b'),
('6645c81ba01e8', 'Process of multiple functions', '6645c81ba039b'),
('6645c81ba01e8', 'Multiple functions with the same name', '6645c81ba039c'),
('6645c81ba01e8', 'Looping functions', '6645c81ba039d'),
('6645c81ba01e8', 'All of the above', '6645c81ba039e'),
('6645c81ba0c90', 'The layout of an input string', '6645c81ba0e37'),
('6645c81ba0c90', 'Array', '6645c81ba0e38'),
('6645c81ba0c90', 'Output function', '6645c81ba0e39'),
('6645c81ba0c90', 'All of the above ', '6645c81ba0e3a'),
('6645c81ba1743', '=', '6645c81ba1900'),
('6645c81ba1743', '||', '6645c81ba1902'),
('6645c81ba1743', '==', '6645c81ba1903'),
('6645c81ba1743', '!=', '6645c81ba1904'),
('6645c81ba21b1', 'while', '6645c81ba23a3'),
('6645c81ba21b1', 'for', '6645c81ba23a4'),
('6645c81ba21b1', 'if-else', '6645c81ba23a5'),
('6645c81ba21b1', 'do-while', '6645c81ba23a6'),
('6645c81ba2c5a', 'External', '6645c81ba2e27'),
('6645c81ba2c5a', 'Internal', '6645c81ba2e28'),
('6645c81ba2c5a', 'Both External and Internal', '6645c81ba2e29'),
('6645c81ba2c5a', 'None of the above', '6645c81ba2e2a'),
('6645c81ba3737', 'Decision making', '6645c81ba3916'),
('6645c81ba3737', 'Variable declaration', '6645c81ba3918'),
('6645c81ba3737', 'Code organization and reusability', '6645c81ba3919'),
('6645c81ba3737', 'Printing output', '6645c81ba391a'),
('6645c81ba428c', 'Forever', '6645c81ba446c'),
('6645c81ba428c', 'Never', '6645c81ba446e'),
('6645c81ba428c', '0', '6645c81ba446f'),
('6645c81ba428c', '1', '6645c81ba4470'),
('6645c81ba5033', '3', '6645c81ba5258'),
('6645c81ba5033', '5', '6645c81ba5259'),
('6645c81ba5033', '8', '6645c81ba525a'),
('6645c81ba5033', '11', '6645c81ba525b'),
('6645c81ba5b3e', 'int num[6] = { 2, 4, 12, 5, 45, 5 } ;', '6645c81ba5d97'),
('6645c81ba5b3e', 'int n{} = { 2, 4, 12, 5, 45, 5 } ;', '6645c81ba5d98'),
('6645c81ba5b3e', 'int n{6} = { 2, 4, 12 } ;', '6645c81ba5d99'),
('6645c81ba5b3e', 'int n(6) = { 2, 4, 12, 5, 45, 5 } ;', '6645c81ba5d9a'),
('6645c81ba664c', 'Keywords have some predefine meanings and these meanings can be changed.', '6645c81ba687c'),
('6645c81ba664c', 'Keywords have some unknown meanings and these meanings cannot be changed.', '6645c81ba687e'),
('6645c81ba664c', 'Keywords have some predefine meanings and these meanings cannot be changed.', '6645c81ba687f'),
('6645c81ba664c', 'None of the above', '6645c81ba6880'),
('6645c81ba71db', 'Array', '6645c81ba73a8'),
('6645c81ba71db', 'Binary Tree', '6645c81ba73aa'),
('6645c81ba71db', 'Queue', '6645c81ba73ab'),
('6645c81ba71db', 'Stack', '6645c81ba73ac'),
('6645c81ba7bb6', 'Low Level', '6645c81ba7d78'),
('6645c81ba7bb6', 'High Level', '6645c81ba7d79'),
('6645c81ba7bb6', 'Assembly Level', '6645c81ba7d7a'),
('6645c81ba7bb6', 'Machine Level', '6645c81ba7d7b'),
('6645c81ba871c', '0', '6645c81ba8945'),
('6645c81ba871c', 'error', '6645c81ba8946'),
('6645c81ba871c', '1', '6645c81ba8947'),
('6645c81ba871c', 'garbage value', '6645c81ba8948'),
('6645c81ba91ad', '34', '6645c81ba9399'),
('6645c81ba91ad', '43', '6645c81ba939a'),
('6645c81ba91ad', '44', '6645c81ba939b'),
('6645c81ba91ad', '33', '6645c81ba939c'),
('6645c81ba9b4c', '[ ]  ', '6645c81ba9d1b'),
('6645c81ba9b4c', '{ }', '6645c81ba9d1c'),
('6645c81ba9b4c', '( )', '6645c81ba9d1d'),
('6645c81ba9b4c', 'None of the above', '6645c81ba9d1e'),
('6645c81baa618', '6  6', '6645c81baa816'),
('6645c81baa618', '7  7', '6645c81baa817'),
('6645c81baa618', 'None of these', '6645c81baa818'),
('6645c81baa618', '7  6', '6645c81baa819'),
('6645c81bab0b0', '32', '6645c81bab2d8'),
('6645c81bab0b0', '33', '6645c81bab2da'),
('6645c81bab0b0', '64', '6645c81bab2db'),
('6645c81bab0b0', '18', '6645c81bab2dc'),
('6645c81babc22', '.c', '6645c81babddb'),
('6645c81babc22', '.cpp', '6645c81babddd'),
('6645c81babc22', '.c99', '6645c81babdde'),
('6645c81babc22', '.h', '6645c81babddf'),
('6645c81bac596', '1', '6645c81bac724'),
('6645c81bac596', '2', '6645c81bac726'),
('6645c81bac596', '3', '6645c81bac727'),
('6645c81bac596', '4', '6645c81bac728'),
('6645c81bacee4', '\"/\"', '6645c81bad126'),
('6645c81bacee4', '\"\"', '6645c81bad128'),
('6645c81bacee4', '\"%\"', '6645c81bad129'),
('6645c81bacee4', '\"//\"', '6645c81bad12a'),
('6645c81badaf5', 'x = 10', '6645c81badca9'),
('6645c81badaf5', 'x /= 10', '6645c81badcab'),
('6645c81badaf5', 'x %= 10', '6645c81badcac'),
('6645c81badaf5', 'x != 10', '6645c81badcad'),
('6645c81bae5f8', '2', '6645c81bae786'),
('6645c81bae5f8', '2.5', '6645c81bae787'),
('6645c81bae5f8', 'Error', '6645c81bae788'),
('6645c81bae5f8', 'Warning', '6645c81bae789'),
('6645c8532b075', 'Bjarne Stroustrup', '6645c8532b6f7'),
('6645c8532b075', 'Dennis Ritchie', '6645c8532b6f8'),
('6645c8532b075', 'James A. Gosling', '6645c8532b6f9'),
('6645c8532b075', 'Dr. E.F. Codd', '6645c8532b6fa'),
('6645c8532c0cd', 'An alphabet', '6645c8532c2a1'),
('6645c8532c0cd', 'A number', '6645c8532c2a2'),
('6645c8532c0cd', 'A special symbol other than underscore', '6645c8532c2a3'),
('6645c8532c0cd', 'both (b) and (c)', '6645c8532c2a4'),
('6645c8532cd6b', '/ + * ‐', '6645c8532cfa6'),
('6645c8532cd6b', '* ‐ / +', '6645c8532cfa7'),
('6645c8532cd6b', '+ ‐ / *', '6645c8532cfa8'),
('6645c8532cd6b', '* / + ‐', '6645c8532cfa9'),
('6645c8532dabf', 'goodbye', '6645c8532dc87'),
('6645c8532dabf', 'odbye', '6645c8532dc89'),
('6645c8532dabf', 'bye', '6645c8532dc8a'),
('6645c8532dabf', 'dbye', '6645c8532dc8b'),
('6645c8532e570', '0', '6645c8532e75a'),
('6645c8532e570', '2', '6645c8532e75b'),
('6645c8532e570', '23', '6645c8532e75c'),
('6645c8532e570', 'Compiler error', '6645c8532e75d'),
('6645c8532f142', '3', '6645c8532f335'),
('6645c8532f142', '21', '6645c8532f336'),
('6645c8532f142', '17', '6645c8532f337'),
('6645c8532f142', '7', '6645c8532f338'),
('6645c8532fc34', 'static a = 10; //static as', '6645c8532fe1e'),
('6645c8532fc34', 'static int func (int); //parameter as static', '6645c8532fe20'),
('6645c8532fc34', 'static static int a; //a static variable prefixed with static', '6645c8532fe21'),
('6645c8532fc34', 'all of the mentioned', '6645c8532fe22'),
('6645c853307c3', 'Preprocessor directive', '6645c8533096b'),
('6645c853307c3', 'Inclusion directive', '6645c8533096c'),
('6645c853307c3', 'File inclusion directive', '6645c8533096d'),
('6645c853307c3', 'None of the mentioned', '6645c8533096e'),
('6645c8533122e', '#', '6645c8533143c'),
('6645c8533122e', '$', '6645c8533143d'),
('6645c8533122e', '\"\"', '6645c8533143e'),
('6645c8533122e', '&', '6645c8533143f'),
('6645c85331ca2', '7', '6645c85331e46'),
('6645c85331ca2', '127', '6645c85331e47'),
('6645c85331ca2', '255', '6645c85331e48'),
('6645c85331ca2', 'No Limit', '6645c85331e49'),
('6645c85332818', 'Attach', '6645c853329e3'),
('6645c85332818', 'Append', '6645c853329e5'),
('6645c85332818', 'Apprehend', '6645c853329e6'),
('6645c85332818', 'Add', '6645c853329e7'),
('6645c85333241', 'Function', '6645c853333d5'),
('6645c85333241', 'Input variables', '6645c853333d6'),
('6645c85333241', 'Output variables', '6645c853333d7'),
('6645c85333241', 'All of the above', '6645c853333d8'),
('6645c85333eae', '20', '6645c85334080'),
('6645c85333eae', '40', '6645c85334083'),
('6645c85333eae', '44', '6645c85334084'),
('6645c85333eae', '45', '6645c85334085'),
('6645c85334a34', 'Process of multiple functions', '6645c85334c94'),
('6645c85334a34', 'Multiple functions with the same name', '6645c85334c96'),
('6645c85334a34', 'Looping functions', '6645c85334c97'),
('6645c85334a34', 'All of the above', '6645c85334c98'),
('6645c853354d7', 'The layout of an input string', '6645c85335650'),
('6645c853354d7', 'Array', '6645c85335652'),
('6645c853354d7', 'Output function', '6645c85335653'),
('6645c853354d7', 'All of the above ', '6645c85335654'),
('6645c85335fd5', '=', '6645c853361c8'),
('6645c85335fd5', '||', '6645c853361c9'),
('6645c85335fd5', '==', '6645c853361ca'),
('6645c85335fd5', '!=', '6645c853361cb'),
('6645c85336a13', 'while', '6645c85337589'),
('6645c85336a13', 'for', '6645c8533758b'),
('6645c85336a13', 'if-else', '6645c8533758c'),
('6645c85336a13', 'do-while', '6645c8533758d'),
('6645c85337e34', 'External', '6645c8533802e'),
('6645c85337e34', 'Internal', '6645c85338030'),
('6645c85337e34', 'Both External and Internal', '6645c85338031'),
('6645c85337e34', 'None of the above', '6645c85338032'),
('6645c85338895', 'Decision making', '6645c85338a25'),
('6645c85338895', 'Variable declaration', '6645c85338a26'),
('6645c85338895', 'Code organization and reusability', '6645c85338a27'),
('6645c85338895', 'Printing output', '6645c85338a28'),
('6645c85339249', 'Forever', '6645c8533941a'),
('6645c85339249', 'Never', '6645c8533941c'),
('6645c85339249', '0', '6645c8533941d'),
('6645c85339249', '1', '6645c8533941e'),
('6645c85339bfd', '3', '6645c85339db9'),
('6645c85339bfd', '5', '6645c85339dbb'),
('6645c85339bfd', '8', '6645c85339dbc'),
('6645c85339bfd', '11', '6645c85339dbd'),
('6645c8533a608', 'int num[6] = { 2, 4, 12, 5, 45, 5 } ;', '6645c8533a7a4'),
('6645c8533a608', 'int n{} = { 2, 4, 12, 5, 45, 5 } ;', '6645c8533a7a6'),
('6645c8533a608', 'int n{6} = { 2, 4, 12 } ;', '6645c8533a7a7'),
('6645c8533a608', 'int n(6) = { 2, 4, 12, 5, 45, 5 } ;', '6645c8533a7a8'),
('6645c8533af8f', 'Keywords have some predefine meanings and these meanings can be changed.', '6645c8533b119'),
('6645c8533af8f', 'Keywords have some unknown meanings and these meanings cannot be changed.', '6645c8533b11b'),
('6645c8533af8f', 'Keywords have some predefine meanings and these meanings cannot be changed.', '6645c8533b11c'),
('6645c8533af8f', 'None of the above', '6645c8533b11d'),
('6645c8533b98a', 'Array', '6645c8533bb28'),
('6645c8533b98a', 'Binary Tree', '6645c8533bb29'),
('6645c8533b98a', 'Queue', '6645c8533bb2a'),
('6645c8533b98a', 'Stack', '6645c8533bb2b'),
('6645c8533c2d5', 'Low Level', '6645c8533c434'),
('6645c8533c2d5', 'High Level', '6645c8533c435'),
('6645c8533c2d5', 'Assembly Level', '6645c8533c436'),
('6645c8533c2d5', 'Machine Level', '6645c8533c437'),
('6645c8533cc20', '0', '6645c8533cdaf'),
('6645c8533cc20', 'error', '6645c8533cdb0'),
('6645c8533cc20', '1', '6645c8533cdb1'),
('6645c8533cc20', 'garbage value', '6645c8533cdb2'),
('6645c8533d5db', '34', '6645c8533d746'),
('6645c8533d5db', '43', '6645c8533d747'),
('6645c8533d5db', '44', '6645c8533d748'),
('6645c8533d5db', '33', '6645c8533d749'),
('6645c8533deae', '[ ]  ', '6645c8533e049'),
('6645c8533deae', '{ }', '6645c8533e04a'),
('6645c8533deae', '( )', '6645c8533e04b'),
('6645c8533deae', 'None of the above', '6645c8533e04c'),
('6645c8533e7d9', '6  6', '6645c8533e9a9'),
('6645c8533e7d9', '7  7', '6645c8533e9aa'),
('6645c8533e7d9', 'None of these', '6645c8533e9ab'),
('6645c8533e7d9', '7  6', '6645c8533e9ac'),
('6645c8533f2b1', '32', '6645c8533f45b'),
('6645c8533f2b1', '33', '6645c8533f45c'),
('6645c8533f2b1', '64', '6645c8533f45d'),
('6645c8533f2b1', '18', '6645c8533f45e'),
('6645c8533fc36', '.c', '6645c8533fddf'),
('6645c8533fc36', '.cpp', '6645c8533fde0'),
('6645c8533fc36', '.c99', '6645c8533fde1'),
('6645c8533fc36', '.h', '6645c8533fde2'),
('6645c853405b7', '1', '6645c8534073c'),
('6645c853405b7', '2', '6645c8534073e'),
('6645c853405b7', '3', '6645c8534073f'),
('6645c853405b7', '4', '6645c85340740'),
('6645c85340eb9', '\"/\"', '6645c85341045'),
('6645c85340eb9', '\"\"', '6645c85341046'),
('6645c85340eb9', '\"%\"', '6645c85341047'),
('6645c85340eb9', '\"//\"', '6645c85341048'),
('6645c8534178c', 'x = 10', '6645c85341903'),
('6645c8534178c', 'x /= 10', '6645c85341904'),
('6645c8534178c', 'x %= 10', '6645c85341905'),
('6645c8534178c', 'x != 10', '6645c85341906'),
('6645c8534205f', '2', '6645c853421de'),
('6645c8534205f', '2.5', '6645c853421e0'),
('6645c8534205f', 'Error', '6645c853421e1'),
('6645c8534205f', 'Warning', '6645c853421e2');

-- --------------------------------------------------------

--
-- Table structure for table `questions`
--

CREATE TABLE `questions` (
  `eid` text NOT NULL,
  `qid` text NOT NULL,
  `qns` text NOT NULL,
  `choice` int(10) NOT NULL,
  `sn` int(11) NOT NULL
) ENGINE=InnoDB DEFAULT CHARSET=utf8 COLLATE=utf8_general_ci;

--
-- Dumping data for table `questions`
--

INSERT INTO `questions` (`eid`, `qid`, `qns`, `choice`, `sn`) VALUES
('6645a6073fb4b', '6645b082e0254', 'Who is father of C Language?\r\n', 4, 1),
('6645a6073fb4b', '6645b082e2140', 'In C variable cannot start with?', 4, 2),
('6645a6073fb4b', '6645b082e2e45', 'Which of the following shows the correct hierarchy of arithmetic operations in C', 4, 3),
('6645a6073fb4b', '6645b082e3b76', 'What will be the output of the following statement ? \n printf( 3 + \"goodbye\");', 4, 4),
('6645a6073fb4b', '6645b082e4a30', 'What will be output if you will compile and execute the following c code? \n int extern x; \n void main() \n printf(\"%d\",x); \n x=2; \n getch(); \n } \n int x=23;', 4, 5),
('6645a6073fb4b', '6645b082e57cc', 'What will be output if you will compile and execute the following c code? \n void main(){ \n int a,b; \n a=1,3,15; \n b=(2,4,6); \n clrscr(); \n printf(\"%d \",a+b); \n getch(); \n }', 4, 6),
('6645a6073fb4b', '6645b082e6696', 'Which of following is not accepted in C?', 4, 7),
('6645a6073fb4b', '6645b082e745c', 'What is #include <stdio.h>?', 4, 8),
('6645a6073fb4b', '6645b082e812a', 'The C-preprocessors are specified with _________ symbol.', 4, 9),
('6645a6073fb4b', '6645b082e8e12', 'How many number of pointer (*) does C have against a pointer variable declaration?', 4, 10),
('6645a6073fb4b', '6645b082e9a9b', 'What is meant by ‘a’ in the following C operation? \n fp = fopen(\"Random.txt\", \"a\");', 4, 11),
('6645a6073fb4b', '6645b082ea992', 'Which of the following is an important requirement of c programming?', 4, 12),
('6645a6073fb4b', '6645b082eb9d7', 'How many variables can the following string contain bat[45]?', 4, 13),
('6645a6073fb4b', '6645b082ecaf0', 'What is function overloading?', 4, 14),
('6645a6073fb4b', '6645b082ed90a', 'What is scanf() in c programming?', 4, 15),
('6645a6073fb4b', '6645b082ee507', 'Which of these is NOT a relational or logical operator?', 4, 16),
('6645a6073fb4b', '6645b082ef238', 'We cannot use the keyword ‘break’ simply within _________.', 4, 17),
('6645a6073fb4b', '6645b082effde', 'The global variables are ____________.', 4, 18),
('6645a6073fb4b', '6645b082f0c4d', 'In C, what is Function primarily used for?', 4, 19),
('6645a6073fb4b', '6645b082f187f', 'How many times will the following loop execute? \n for(j = 1; j <= 10; j = j-1) ', 4, 20),
('6645a6073fb4b', '6645b082f24a5', 'What will the result of num variable after execution of the following statements? \n int num = 58; \n num % = 11; ', 4, 21),
('6645a6073fb4b', '6645b082f3080', 'What is right way to Initialization array?', 4, 22),
('6645a6073fb4b', '6645b082f3bb0', 'What is Keywords?', 4, 23),
('6645a6073fb4b', '6645b0830055a', 'Which one of the following is not a linear data structure?', 4, 24),
('6645a6073fb4b', '6645b0830111e', 'C is ______ Language?', 4, 25),
('6645a6073fb4b', '6645b08301cf9', 'What will be the output of the following statements ? \n int a = 4, b = 7,c; c = a = = b; printf(\"%i\",c);', 4, 26),
('6645a6073fb4b', '6645b08302886', 'What will be the output of the following statements ? \n int i = 3; \n printf(\"%d%d\",i,i++);', 4, 27),
('6645a6073fb4b', '6645b0830344e', 'Which of the following is allowed in a C Arithmetic instruction', 4, 28),
('6645a6073fb4b', '6645b08304072', 'What will be output if you will compile and execute the following c code? \n #include \"string.h\" \n void main(){ \n\r\nclrscr();\n\r\nprintf(\"%d %d\",sizeof(\"string\"),strlen(\"string\")); \n\r\ngetch(); \n\r\n}', 4, 29),
('6645a6073fb4b', '6645b08304b76', 'How many keywords are there in C language?', 4, 30),
('6645a6073fb4b', '6645b08305788', 'What is the extension of a C language header file?', 4, 31),
('6645a6073fb4b', '6645b0830779f', 'How many byte(s) does a char type take in C?', 4, 32),
('6645a6073fb4b', '6645b083082bf', 'Which operator is used to find the remainder of two numbers in C?', 4, 33),
('6645a6073fb4b', '6645b0d2ecc13', 'Who is father of C Language?\r\n', 4, 1),
('6645a6073fb4b', '6645b0d2edb17', 'In C variable cannot start with?', 4, 2),
('6645a6073fb4b', '6645b0d2ee6a1', 'Which of the following shows the correct hierarchy of arithmetic operations in C', 4, 3),
('6645a6073fb4b', '6645b0d2ef179', 'What will be the output of the following statement ? \n printf( 3 + \"goodbye\");', 4, 4),
('6645a6073fb4b', '6645b0d2efd9d', 'What will be output if you will compile and execute the following c code? \n int extern x; \n void main() \n printf(\"%d\",x); \n x=2; \n getch(); \n } \n int x=23;', 4, 5),
('6645a6073fb4b', '6645b0d2f09c5', 'What will be output if you will compile and execute the following c code? \n void main(){ \n int a,b; \n a=1,3,15; \n b=(2,4,6); \n clrscr(); \n printf(\"%d \",a+b); \n getch(); \n }', 4, 6),
('6645a6073fb4b', '6645b0d2f1684', 'Which of following is not accepted in C?', 4, 7),
('6645a6073fb4b', '6645b0d2f22db', 'What is #include <stdio.h>?', 4, 8),
('6645a6073fb4b', '6645b0d2f2e0d', 'The C-preprocessors are specified with _________ symbol.', 4, 9),
('6645a6073fb4b', '6645b0d2f38e0', 'How many number of pointer (*) does C have against a pointer variable declaration?', 4, 10),
('6645a6073fb4b', '6645b0d30009c', 'What is meant by ‘a’ in the following C operation? \n fp = fopen(\"Random.txt\", \"a\");', 4, 11),
('6645a6073fb4b', '6645b0d300a4e', 'Which of the following is an important requirement of c programming?', 4, 12),
('6645a6073fb4b', '6645b0d3014ee', 'How many variables can the following string contain bat[45]?', 4, 13),
('6645a6073fb4b', '6645b0d301f67', 'What is function overloading?', 4, 14),
('6645a6073fb4b', '6645b0d3028a1', 'What is scanf() in c programming?', 4, 15),
('6645a6073fb4b', '6645b0d303321', 'Which of these is NOT a relational or logical operator?', 4, 16),
('6645a6073fb4b', '6645b0d303e34', 'We cannot use the keyword ‘break’ simply within _________.', 4, 17),
('6645a6073fb4b', '6645b0d304811', 'The global variables are ____________.', 4, 18),
('6645a6073fb4b', '6645b0d3051d9', 'In C, what is Function primarily used for?', 4, 19),
('6645a6073fb4b', '6645b0d305bc7', 'How many times will the following loop execute? \n for(j = 1; j <= 10; j = j-1) ', 4, 20),
('6645a6073fb4b', '6645b0d3065cd', 'What will the result of num variable after execution of the following statements? \n int num = 58; \n num % = 11; ', 4, 21),
('6645a6073fb4b', '6645b0d307092', 'What is right way to Initialization array?', 4, 22),
('6645a6073fb4b', '6645b0d307b2a', 'What is Keywords?', 4, 23),
('6645a6073fb4b', '6645b0d3085d5', 'Which one of the following is not a linear data structure?', 4, 24),
('6645a6073fb4b', '6645b0d3090c5', 'C is ______ Language?', 4, 25),
('6645a6073fb4b', '6645b0d309a4d', 'What will be the output of the following statements ? \n int a = 4, b = 7,c; c = a = = b; printf(\"%i\",c);', 4, 26),
('6645a6073fb4b', '6645b0d30a591', 'What will be the output of the following statements ? \n int i = 3; \n printf(\"%d%d\",i,i++);', 4, 27),
('6645a6073fb4b', '6645b0d30afb0', 'Which of the following is allowed in a C Arithmetic instruction', 4, 28),
('6645a6073fb4b', '6645b0d30ba0c', 'What will be output if you will compile and execute the following c code? \n #include \"string.h\" \n void main(){ \n\r\nclrscr();\n\r\nprintf(\"%d %d\",sizeof(\"string\"),strlen(\"string\")); \n\r\ngetch(); \n\r\n}', 4, 29),
('6645a6073fb4b', '6645b0d30c53e', 'How many keywords are there in C language?', 4, 30),
('6645a6073fb4b', '6645b0d30d042', 'What is the extension of a C language header file?', 4, 31),
('6645a6073fb4b', '6645b0d30db33', 'How many byte(s) does a char type take in C?', 4, 32),
('6645a6073fb4b', '6645b0d30e602', 'Which operator is used to find the remainder of two numbers in C?', 4, 33),
('6645a6073fb4b', '6645c81b94cb0', 'Who is father of C Language?\r\n', 4, 1),
('6645a6073fb4b', '6645c81b9684c', 'In C variable cannot start with?', 4, 2),
('6645a6073fb4b', '6645c81b978f8', 'Which of the following shows the correct hierarchy of arithmetic operations in C', 4, 3),
('6645a6073fb4b', '6645c81b9868a', 'What will be the output of the following statement ? \n printf( 3 + \"goodbye\");', 4, 4),
('6645a6073fb4b', '6645c81b99332', 'What will be output if you will compile and execute the following c code? \n int extern x; \n void main() \n printf(\"%d\",x); \n x=2; \n getch(); \n } \n int x=23;', 4, 5),
('6645a6073fb4b', '6645c81b99ee0', 'What will be output if you will compile and execute the following c code? \n void main(){ \n int a,b; \n a=1,3,15; \n b=(2,4,6); \n clrscr(); \n printf(\"%d \",a+b); \n getch(); \n }', 4, 6),
('6645a6073fb4b', '6645c81b9aa85', 'Which of following is not accepted in C?', 4, 7),
('6645a6073fb4b', '6645c81b9b704', 'What is #include <stdio.h>?', 4, 8),
('6645a6073fb4b', '6645c81b9c43a', 'The C-preprocessors are specified with _________ symbol.', 4, 9),
('6645a6073fb4b', '6645c81b9d2ec', 'How many number of pointer (*) does C have against a pointer variable declaration?', 4, 10),
('6645a6073fb4b', '6645c81b9df70', 'What is meant by ‘a’ in the following C operation? \n fp = fopen(\"Random.txt\", \"a\");', 4, 11),
('6645a6073fb4b', '6645c81b9ea9d', 'Which of the following is an important requirement of c programming?', 4, 12),
('6645a6073fb4b', '6645c81b9f65d', 'How many variables can the following string contain bat[45]?', 4, 13),
('6645a6073fb4b', '6645c81ba01e8', 'What is function overloading?', 4, 14),
('6645a6073fb4b', '6645c81ba0c90', 'What is scanf() in c programming?', 4, 15),
('6645a6073fb4b', '6645c81ba1743', 'Which of these is NOT a relational or logical operator?', 4, 16),
('6645a6073fb4b', '6645c81ba21b1', 'We cannot use the keyword ‘break’ simply within _________.', 4, 17),
('6645a6073fb4b', '6645c81ba2c5a', 'The global variables are ____________.', 4, 18),
('6645a6073fb4b', '6645c81ba3737', 'In C, what is Function primarily used for?', 4, 19),
('6645a6073fb4b', '6645c81ba428c', 'How many times will the following loop execute? \n for(j = 1; j <= 10; j = j-1) ', 4, 20),
('6645a6073fb4b', '6645c81ba5033', 'What will the result of num variable after execution of the following statements? \n int num = 58; \n num % = 11; ', 4, 21),
('6645a6073fb4b', '6645c81ba5b3e', 'What is right way to Initialization array?', 4, 22),
('6645a6073fb4b', '6645c81ba664c', 'What is Keywords?', 4, 23),
('6645a6073fb4b', '6645c81ba71db', 'Which one of the following is not a linear data structure?', 4, 24),
('6645a6073fb4b', '6645c81ba7bb6', 'C is ______ Language?', 4, 25),
('6645a6073fb4b', '6645c81ba871c', 'What will be the output of the following statements ? \n int a = 4, b = 7,c; c = a = = b; printf(\"%i\",c);', 4, 26),
('6645a6073fb4b', '6645c81ba91ad', 'What will be the output of the following statements ? \n int i = 3; \n printf(\"%d%d\",i,i++);', 4, 27),
('6645a6073fb4b', '6645c81ba9b4c', 'Which of the following is allowed in a C Arithmetic instruction', 4, 28),
('6645a6073fb4b', '6645c81baa618', 'What will be output if you will compile and execute the following c code? \n #include \"string.h\" \n void main(){ \n\r\nclrscr();\n\r\nprintf(\"%d %d\",sizeof(\"string\"),strlen(\"string\")); \n\r\ngetch(); \n\r\n}', 4, 29),
('6645a6073fb4b', '6645c81bab0b0', 'How many keywords are there in C language?', 4, 30),
('6645a6073fb4b', '6645c81babc22', 'What is the extension of a C language header file?', 4, 31),
('6645a6073fb4b', '6645c81bac596', 'How many byte(s) does a char type take in C?', 4, 32),
('6645a6073fb4b', '6645c81bacee4', 'Which operator is used to find the remainder of two numbers in C?', 4, 33),
('6645a6073fb4b', '6645c81badaf5', 'Which of the following is not an arithmetic expression?', 4, 34),
('6645a6073fb4b', '6645c81bae5f8', 'What will be the output of the following C code? \n\r\n#include <stdio.h> \n\r\nint main() \n\r\n{ \n\r\n    int x = 20; \n\r\n    x %= 3; \n\r\n    printf(\"%d\",x); \n\r\n    return 0; \n\r\n}', 4, 35),
('6645a6073fb4b', '6645c8532b075', 'Who is father of C Language?\r\n', 4, 1),
('6645a6073fb4b', '6645c8532c0cd', 'In C variable cannot start with?', 4, 2),
('6645a6073fb4b', '6645c8532cd6b', 'Which of the following shows the correct hierarchy of arithmetic operations in C', 4, 3),
('6645a6073fb4b', '6645c8532dabf', 'What will be the output of the following statement ? \n printf( 3 + \"goodbye\");', 4, 4),
('6645a6073fb4b', '6645c8532e570', 'What will be output if you will compile and execute the following c code? \n int extern x; \n void main() \n printf(\"%d\",x); \n x=2; \n getch(); \n } \n int x=23;', 4, 5),
('6645a6073fb4b', '6645c8532f142', 'What will be output if you will compile and execute the following c code? \n void main(){ \n int a,b; \n a=1,3,15; \n b=(2,4,6); \n clrscr(); \n printf(\"%d \",a+b); \n getch(); \n }', 4, 6),
('6645a6073fb4b', '6645c8532fc34', 'Which of following is not accepted in C?', 4, 7),
('6645a6073fb4b', '6645c853307c3', 'What is #include <stdio.h>?', 4, 8),
('6645a6073fb4b', '6645c8533122e', 'The C-preprocessors are specified with _________ symbol.', 4, 9),
('6645a6073fb4b', '6645c85331ca2', 'How many number of pointer (*) does C have against a pointer variable declaration?', 4, 10),
('6645a6073fb4b', '6645c85332818', 'What is meant by ‘a’ in the following C operation? \n fp = fopen(\"Random.txt\", \"a\");', 4, 11),
('6645a6073fb4b', '6645c85333241', 'Which of the following is an important requirement of c programming?', 4, 12),
('6645a6073fb4b', '6645c85333eae', 'How many variables can the following string contain bat[45]?', 4, 13),
('6645a6073fb4b', '6645c85334a34', 'What is function overloading?', 4, 14),
('6645a6073fb4b', '6645c853354d7', 'What is scanf() in c programming?', 4, 15),
('6645a6073fb4b', '6645c85335fd5', 'Which of these is NOT a relational or logical operator?', 4, 16),
('6645a6073fb4b', '6645c85336a13', 'We cannot use the keyword ‘break’ simply within _________.', 4, 17),
('6645a6073fb4b', '6645c85337e34', 'The global variables are ____________.', 4, 18),
('6645a6073fb4b', '6645c85338895', 'In C, what is Function primarily used for?', 4, 19),
('6645a6073fb4b', '6645c85339249', 'How many times will the following loop execute? \n for(j = 1; j <= 10; j = j-1) ', 4, 20),
('6645a6073fb4b', '6645c85339bfd', 'What will the result of num variable after execution of the following statements? \n int num = 58; \n num % = 11; ', 4, 21),
('6645a6073fb4b', '6645c8533a608', 'What is right way to Initialization array?', 4, 22),
('6645a6073fb4b', '6645c8533af8f', 'What is Keywords?', 4, 23),
('6645a6073fb4b', '6645c8533b98a', 'Which one of the following is not a linear data structure?', 4, 24),
('6645a6073fb4b', '6645c8533c2d5', 'C is ______ Language?', 4, 25),
('6645a6073fb4b', '6645c8533cc20', 'What will be the output of the following statements ? \n int a = 4, b = 7,c; c = a = = b; printf(\"%i\",c);', 4, 26),
('6645a6073fb4b', '6645c8533d5db', 'What will be the output of the following statements ? \n int i = 3; \n printf(\"%d%d\",i,i++);', 4, 27),
('6645a6073fb4b', '6645c8533deae', 'Which of the following is allowed in a C Arithmetic instruction', 4, 28),
('6645a6073fb4b', '6645c8533e7d9', 'What will be output if you will compile and execute the following c code? \n #include \"string.h\" \n void main(){ \n\r\nclrscr();\n\r\nprintf(\"%d %d\",sizeof(\"string\"),strlen(\"string\")); \n\r\ngetch(); \n\r\n}', 4, 29),
('6645a6073fb4b', '6645c8533f2b1', 'How many keywords are there in C language?', 4, 30),
('6645a6073fb4b', '6645c8533fc36', 'What is the extension of a C language header file?', 4, 31),
('6645a6073fb4b', '6645c853405b7', 'How many byte(s) does a char type take in C?', 4, 32),
('6645a6073fb4b', '6645c85340eb9', 'Which operator is used to find the remainder of two numbers in C?', 4, 33),
('6645a6073fb4b', '6645c8534178c', 'Which of the following is not an arithmetic expression?', 4, 34),
('6645a6073fb4b', '6645c8534205f', 'What will be the output of the following C code? \n\r\n#include <stdio.h> \n\r\nint main() \n\r\n{ \n\r\n    int x = 20; \n\r\n    x %= 3; \n\r\n    printf(\"%d\",x); \n\r\n    return 0; \n\r\n}', 4, 35);

-- --------------------------------------------------------

--
-- Table structure for table `quiz`
--

CREATE TABLE `quiz` (
  `eid` text NOT NULL,
  `title` varchar(100) NOT NULL,
  `sahi` int(11) NOT NULL,
  `wrong` int(11) NOT NULL,
  `total` int(11) NOT NULL,
  `time` bigint(20) NOT NULL,
  `intro` text NOT NULL,
  `tag` varchar(100) NOT NULL,
  `date` timestamp NOT NULL DEFAULT current_timestamp() ON UPDATE current_timestamp()
) ENGINE=InnoDB DEFAULT CHARSET=utf8 COLLATE=utf8_general_ci;

--
-- Dumping data for table `quiz`
--

INSERT INTO `quiz` (`eid`, `title`, `sahi`, `wrong`, `total`, `time`, `intro`, `tag`, `date`) VALUES
('6645a6073fb4b', 'Technova-c', 1, 0, 35, 45, 'Solve All Questions', 'C', '2024-05-16 06:22:00');

-- --------------------------------------------------------

--
-- Table structure for table `rank`
--

CREATE TABLE `rank` (
  `email` varchar(50) NOT NULL,
  `score` int(11) NOT NULL,
  `time` timestamp NOT NULL DEFAULT current_timestamp() ON UPDATE current_timestamp()
) ENGINE=InnoDB DEFAULT CHARSET=utf8 COLLATE=utf8_general_ci;

--
-- Dumping data for table `rank`
--

INSERT INTO `rank` (`email`, `score`, `time`) VALUES
('pp@gmail.com', -6, '2024-05-15 09:18:18'),
('sk@gmail.com', -8, '2024-05-16 05:13:31'),
('ak@gmail.com', 35, '2024-05-16 08:51:57'),
('jaki@mail.com', 12, '2024-05-16 09:03:13');

-- --------------------------------------------------------

--
-- Table structure for table `user`
--

CREATE TABLE `user` (
  `name` varchar(50) NOT NULL,
  `gender` varchar(5) NOT NULL,
  `college` varchar(100) NOT NULL,
  `email` varchar(50) NOT NULL,
  `mob` bigint(20) NOT NULL,
  `password` varchar(50) NOT NULL
) ENGINE=InnoDB DEFAULT CHARSET=utf8 COLLATE=utf8_general_ci;

--
-- Dumping data for table `user`
--

INSERT INTO `user` (`name`, `gender`, `college`, `email`, `mob`, `password`) VALUES
('Anand Konnur', 'M', 'PVPIT', 'ak@gmail.com', 85285285285, '827ccb0eea8a706c4c34a16891f84e7b'),
('Jaki', 'M', 'PVPIT', 'jaki@mail.com', 25825825825, '827ccb0eea8a706c4c34a16891f84e7b'),
('Atharv Patankar', 'M', 'PVPIT', 'pp@gmail.com', 2582582582, '827ccb0eea8a706c4c34a16891f84e7b'),
('Sumedh Kamble', 'M', 'PVPIT', 'sk@gmail.com', 1234567890, '827ccb0eea8a706c4c34a16891f84e7b');

--
-- Indexes for dumped tables
--

--
-- Indexes for table `admin`
--
ALTER TABLE `admin`
  ADD PRIMARY KEY (`admin_id`);

--
-- Indexes for table `user`
--
ALTER TABLE `user`
  ADD PRIMARY KEY (`email`);

--
-- AUTO_INCREMENT for dumped tables
--

--
-- AUTO_INCREMENT for table `admin`
--
ALTER TABLE `admin`
  MODIFY `admin_id` int(11) NOT NULL AUTO_INCREMENT, AUTO_INCREMENT=4;
COMMIT;

/*!40101 SET CHARACTER_SET_CLIENT=@OLD_CHARACTER_SET_CLIENT */;
/*!40101 SET CHARACTER_SET_RESULTS=@OLD_CHARACTER_SET_RESULTS */;
/*!40101 SET COLLATION_CONNECTION=@OLD_COLLATION_CONNECTION */;
